<?xml version="1.0"?>
<config xmlns:xsi="http://www.w3.org/2001/XMLSchema-instance" xsi:noNamespaceSchemaLocation="urn:magento:framework:ObjectManager/etc/config.xsd">
    <type name="Sportpat\OrderSync\Controller\Adminhtml\Synced_order\Index">
        <arguments>
            <argument name="activeMenuItem" xsi:type="string">Sportpat_OrderSync::ordersync_synced_order</argument>
            <argument name="pageTitle" xsi:type="string" translate="true">Synced Orders</argument>
        </arguments>
    </type>
    <type name="Sportpat\OrderSync\Controller\Adminhtml\Synced_order\MassDelete">
        <arguments>
            <argument name="collectionProvider" xsi:type="object">Sportpat\OrderSync\Model\Synced_order\CollectionProvider</argument>
            <argument name="executor" xsi:type="object">Sportpat\OrderSync\Model\Synced_order\Executor\Delete</argument>
            <argument name="successMessage" xsi:type="string">A total of %1 Synced Orders have been deleted.</argument>
            <argument name="errorMessage" xsi:type="string" translate="true">An error occurred while deleting Synced Orders.</argument>
        </arguments>
    </type>
    <type name="Sportpat\OrderSync\Controller\Adminhtml\Synced_order\Delete">
        <arguments>
            <argument name="executor" xsi:type="object">Sportpat\OrderSync\Model\Synced_order\Executor\Delete</argument>
            <argument name="paramName" xsi:type="string">synced_order_id</argument>
            <argument name="successMessage" xsi:type="string" translate="true">Synced Order was deleted</argument>
            <argument name="missingEntityErrorMessage" xsi:type="string" translate="true">Requested Synced Order for delete does not exist.</argument>
            <argument name="generalErrorMessage" xsi:type="string" translate="true">There was a problem deleting the Synced Order</argument>
        </arguments>
    </type>
</config>
