<?xml version="1.0"?>
<schema xmlns:xsi="http://www.w3.org/2001/XMLSchema-instance" xsi:noNamespaceSchemaLocation="urn:magento:framework:Setup/Declaration/Schema/etc/schema.xsd">
    <table name="sportpat_order_sync_synced_order" resource="default" engine="innodb" comment="Synced Order Table">
        <column xsi:type="smallint" name="synced_order_id" padding="6" unsigned="false" nullable="false" identity="true"  comment="Synced Order ID"/>
        <column xsi:type="int" name="magento_orderid" padding="11" nullable="false" comment="Synced Order Magento Order id"/>
        <column xsi:type="int" name="lightspeed_orderid" padding="11" nullable="true" comment="Synced Order Lightspeed Order id"/>
        <column xsi:type="int" name="sync_status" padding="11" nullable="true" comment="Synced Order Sync Status"/>
        <column xsi:type="varchar" name="lightspeed_order_url" length="255" nullable="true" comment="Synced Order Lightspeed Order Link"/>
        <column xsi:type="varchar" name="status_details" length="255" nullable="true" comment="Synced Order Status Details"/>
        <column xsi:type="timestamp" name="created_at" on_update="false" nullable="false" default="CURRENT_TIMESTAMP" comment="Synced Order Created at"/>
        <column xsi:type="timestamp" name="updated_at" on_update="true" nullable="false" default="CURRENT_TIMESTAMP" comment="Synced Order Updated At"/>
        <index referenceId="SPORTPAT_ORDER_SYNC_SYNCED_ORDER_FULLTEXT" indexType="fulltext">
            <column name="lightspeed_order_url" />
            <column name="status_details" />
        </index>
        <constraint xsi:type="primary" referenceId="PRIMARY">
            <column name="synced_order_id"/>
        </constraint>
    </table>
</schema>
