<?xml version="1.0"?>
<config xmlns:xsi="http://www.w3.org/2001/XMLSchema-instance" xsi:noNamespaceSchemaLocation="urn:magento:framework:ObjectManager/etc/config.xsd">
    <preference for="Sportpat\OrderSync\Api\Synced_orderRepositoryInterface" type="Sportpat\OrderSync\Model\Synced_orderRepository"/>
    <preference for="Sportpat\OrderSync\Api\Data\Synced_orderInterface" type="Sportpat\OrderSync\Model\Synced_order"/>
    <preference for="Sportpat\OrderSync\Api\Data\Synced_orderSearchResultInterface" type="Magento\Framework\Api\SearchResults"/>
    <type name="Magento\Framework\View\Element\UiComponent\DataProvider\CollectionFactory">
        <arguments>
            <argument name="collections" xsi:type="array">
                <item name="sportpat_ordersync_syncedorder_listing_data_source" xsi:type="string">SportpatOrderSyncSynced_orderGridCollection</item>
            </argument>
        </arguments>
    </type>
    <type name="Sportpat\OrderSync\Model\ResourceModel\Synced_order\Collection">
        <arguments>
            <argument name="model" xsi:type="string">Sportpat\OrderSync\Model\Synced_order</argument>
            <argument name="resourceModel" xsi:type="string">Sportpat\OrderSync\Model\ResourceModel\Synced_order</argument>
            <argument name="idFieldName" xsi:type="string">synced_order_id</argument>
            <argument name="eventPrefix" xsi:type="string">sportpat_order_sync_synced_order_collection</argument>
            <argument name="eventObject" xsi:type="string">synced_order_collection</argument>
        </arguments>
    </type>
    <virtualType name="SportpatOrderSyncSynced_orderGridCollection" type="Sportpat\OrderSync\Model\ResourceModel\Synced_order\Collection">
        <arguments>
            <argument name="model" xsi:type="string">Magento\Framework\View\Element\UiComponent\DataProvider\Document</argument>
            <argument name="resourceModel" xsi:type="string">Sportpat\OrderSync\Model\ResourceModel\Synced_order</argument>
            <argument name="idFieldName" xsi:type="string">synced_order_id</argument>
            <argument name="eventPrefix" xsi:type="string">sportpat_order_sync_synced_order_collection</argument>
            <argument name="eventObject" xsi:type="string">synced_order_collection</argument>
        </arguments>
    </virtualType>
</config>
